Model,MSE,RMSE,MAE,R2
LSTM,0.21353,0.4621,0.39848,0.59593