Model,MSE,RMSE,MAE,R2
RidgeRegression,0.198515,0.31387,0.24264,0.76744
LightGBM,0.28854,0.22516,0.083253,0.85482
XGBoost,0.075147,0.27413,0.2093,0.86895
SVM,0.0004,0.0176,0.0212,0.9833